Metrica,Treinamento
Media,-0.07325000000000001
Desvio Padrao,0.016800000000000002
Maximo,-0.05645
